,TotalCases,NewCases,TotalDeaths,NewDeaths,TotalRecovered,NewRecovered,ActiveCases,"Serious,Critical",Tot Cases/1M pop,Deaths/1M pop,TotalTests,Tests/1M pop,Population,Continent,1 Caseevery X ppl1 Deathevery X ppl1 Testevery X ppl,New Cases/1M pop,New Deaths/1M pop
USA,107085763.0,,1164967.0,,105158714.0,,762082.0,1046.0,319845.0,3480.0,1180255735.0,3525201.0,334805269.0,North America,,32870.0,
India,44989744.0,,531864.0,,44452908.0,,4972.0,,31984.0,378.0,930164804.0,661271.0,1406631776.0,Asia,,3126452.0,
France,40079891.0,2284.0,167263.0,,39854686.0,759.0,57942.0,869.0,611118.0,2550.0,271490188.0,4139547.0,65584518.0,Europe,,23920.0,35.0
Germany,38426308.0,,174247.0,,38234900.0,300.0,17161.0,,458091.0,2077.0,122332384.0,1458359.0,83883596.0,Europe,,24811.0,
Brazil,37579028.0,,702664.0,,36249161.0,,627203.0,,174499.0,3263.0,63776166.0,296146.0,215353593.0,South America,,63063.0,
Japan,33803572.0,,74694.0,,,,,83.0,269169.0,595.0,100414883.0,799578.0,125584838.0,Asia,,416811.0,
S. Korea,31646973.0,,34754.0,,31296358.0,23518.0,315861.0,176.0,616541.0,677.0,15804065.0,307892.0,51329899.0,Asia,,214773.0,
Italy,25857572.0,,190392.0,,25545397.0,,121783.0,75.0,429080.0,3159.0,272596017.0,4523456.0,60262770.0,Europe,,23170.0,
UK,24603076.0,,225324.0,,24363967.0,1388.0,13785.0,,359180.0,3290.0,522526476.0,7628357.0,68497907.0,Europe,,33040.0,
Russia,22917873.0,,398919.0,,22346830.0,,172124.0,,157181.0,2736.0,273400000.0,1875095.0,145805947.0,Europe,,63661.0,
Turkey,17232066.0,,102174.0,,,,,,201399.0,1194.0,162743369.0,1902052.0,85561976.0,Asia,,58371.0,
Spain,13868227.0,,121213.0,,13697426.0,,49588.0,231.0,296843.0,2595.0,471036328.0,10082298.0,46719142.0,Europe,,33850.0,
Vietnam,11609878.0,341.0,43206.0,,10637523.0,187.0,929149.0,22.0,117327.0,437.0,85826548.0,867342.0,98953541.0,Asia,,922901.0,3.0
Australia,11585286.0,,20879.0,,11526959.0,,37448.0,71.0,444412.0,801.0,81916639.0,3142326.0,26068792.0,Australia/Oceania,,212490.0,
Argentina,10054251.0,,130509.0,,9922301.0,,1441.0,363.0,218522.0,2837.0,35716069.0,776264.0,46010234.0,South America,,53531.0,
Mexico,7614771.0,,334107.0,,6861981.0,,418683.0,,57879.0,2540.0,20013810.0,152124.0,131562772.0,North America,,173947.0,
Iran,7611665.0,82.0,146255.0,2.0,7365752.0,139.0,99658.0,156.0,88484.0,1700.0,56644837.0,658486.0,86022837.0,Asia,,115882.0,1.0
Indonesia,6806288.0,283.0,161739.0,6.0,6631118.0,621.0,13431.0,,24384.0,579.0,114158919.0,408975.0,279134505.0,Asia,,4117262.0,1.0
Poland,6516744.0,9.0,119609.0,,5335940.0,,1061195.0,223.0,172676.0,3169.0,38732690.0,1026309.0,37739785.0,Europe,,63161.0,0.2
Colombia,6367600.0,,142748.0,,6188967.0,,35885.0,342.0,123612.0,2771.0,36951507.0,717327.0,51512762.0,South America,,83611.0,
Austria,6076578.0,134.0,22501.0,,6048207.0,180.0,5870.0,14.0,670208.0,2482.0,211273524.0,23302116.0,9066710.0,Europe,,14030.0,15.0
Greece,6059649.0,,36917.0,,6004923.0,2678.0,17809.0,115.0,587367.0,3578.0,102228365.0,9909078.0,10316637.0,Europe,,22790.0,
Portugal,5585859.0,,26701.0,,5554918.0,,4240.0,61.0,550843.0,2633.0,46120142.0,4548082.0,10140570.0,Europe,,23800.0,
Ukraine,5549708.0,,112315.0,,5426042.0,,11351.0,,128489.0,2600.0,32603805.0,754855.0,43192122.0,Europe,,83851.0,
Chile,5287342.0,54.0,64497.0,,5222666.0,85.0,179.0,33.0,274664.0,3350.0,49655336.0,2579472.0,19250195.0,South America,,42980.0,3.0
Malaysia,5094448.0,,37070.0,,5038256.0,,19122.0,36.0,153535.0,1117.0,68352292.0,2059978.0,33181072.0,Asia,,78950.0,
Israel,4825362.0,,12524.0,,4798473.0,,14365.0,21.0,517410.0,1343.0,41373364.0,4436346.0,9326000.0,Asia,,27450.0,
Belgium,4799107.0,,34336.0,,4759089.0,409.0,5682.0,43.0,411295.0,2943.0,37018657.0,3172590.0,11668278.0,Europe,,23400.0,
Thailand,4738988.0,,34053.0,,4692636.0,,12299.0,,67624.0,486.0,17270775.0,246450.0,70078203.0,Asia,,1520584.0,
Canada,4673256.0,,52359.0,,4588942.0,,31955.0,99.0,121736.0,1364.0,66343123.0,1728207.0,38388419.0,North America,,87331.0,
Czechia,4642003.0,8.0,42800.0,,4598363.0,54.0,840.0,1.0,432346.0,3986.0,57210088.0,5328419.0,10736784.0,Europe,,22510.0,0.7
Switzerland,4405433.0,,14452.0,,4387986.0,,2995.0,39.0,502122.0,1647.0,23833472.0,2716487.0,8773637.0,Europe,,26070.0,
Philippines,4139295.0,1855.0,66466.0,,4056827.0,2049.0,16002.0,162.0,36791.0,591.0,35236578.0,313189.0,112508994.0,Asia,,2716933.0,16.0
South Africa,4076463.0,,102595.0,,3912506.0,,61362.0,192.0,67095.0,1689.0,26795090.0,441027.0,60756135.0,Africa,,155922.0,
Romania,3402356.0,,68172.0,,3329193.0,,4991.0,90.0,178777.0,3582.0,27242332.0,1431446.0,19031335.0,Europe,,62791.0,
Denmark,3181827.0,19.0,8692.0,4.0,3172644.0,28.0,491.0,8.0,545305.0,1490.0,129285359.0,22157064.0,5834950.0,Europe,,26710.0,3.0
Hong Kong,2903894.0,471.0,13809.0,17.0,2874238.0,260.0,15847.0,28.0,381875.0,1816.0,76127725.0,10011143.0,7604299.0,Asia,,35510.0,62.0
Sweden,2709830.0,,24353.0,,2682514.0,163.0,2963.0,8.0,265176.0,2383.0,19500873.0,1908301.0,10218971.0,Europe,,44201.0,
Serbia,2541321.0,73.0,18051.0,,2519819.0,289.0,3451.0,6.0,293692.0,2086.0,12918104.0,1492902.0,8653016.0,Europe,,34791.0,8.0
Iraq,2465545.0,,25375.0,,2439497.0,,673.0,21.0,58474.0,602.0,19544451.0,463523.0,42164965.0,Asia,,1716622.0,
Singapore,2391248.0,,1727.0,,2149583.0,,239938.0,2.0,402327.0,291.0,24756666.0,4165302.0,5943546.0,Asia,,234420.0,
New Zealand,2362225.0,,4346.0,,2346101.0,,11778.0,,482264.0,887.0,7768604.0,1586011.0,4898203.0,Australia/Oceania,,211271.0,
Hungary,2202716.0,,48868.0,,2151299.0,,2549.0,5.0,229300.0,5087.0,11394556.0,1186160.0,9606259.0,Europe,,41971.0,
Bangladesh,2038708.0,,29446.0,,1998448.0,,10814.0,,12143.0,175.0,15254399.0,90862.0,167885689.0,Asia,,82570111.0,
Slovakia,1866814.0,,21167.0,,1845480.0,,167.0,11.0,341895.0,3877.0,7431619.0,1361054.0,5460193.0,Europe,,32581.0,
Georgia,1842046.0,,17070.0,,1776548.0,,48428.0,,464139.0,4301.0,16920079.0,4263340.0,3968738.0,Asia,,22320.0,
Jordan,1746997.0,,14122.0,,1731007.0,,1868.0,59.0,169597.0,1371.0,17201885.0,1669945.0,10300869.0,Asia,,67291.0,
Ireland,1712113.0,,8960.0,,1701342.0,,1811.0,19.0,341045.0,1785.0,13083449.0,2606161.0,5020199.0,Europe,,35600.0,
Pakistan,1580995.0,,30660.0,,1538689.0,,11646.0,7.0,6889.0,134.0,30571377.0,133215.0,229488994.0,Asia,,14574858.0,
Norway,1484448.0,,5435.0,,1478019.0,,994.0,20.0,269343.0,986.0,11002430.0,1996315.0,5511370.0,Europe,,410141.0,
Finland,1479608.0,,9676.0,,1465886.0,373.0,4046.0,21.0,266358.0,1742.0,12101220.0,2178453.0,5554960.0,Europe,,45740.0,
Kazakhstan,1411831.0,,13848.0,,1383020.0,,14963.0,24.0,73514.0,721.0,11575012.0,602707.0,19205043.0,Asia,,1413872.0,
Slovenia,1343954.0,11.0,7100.0,,1328006.0,,8848.0,8.0,646743.0,3417.0,2847701.0,1370382.0,2078034.0,Europe,,22931.0,5.0
Lithuania,1320307.0,8.0,9680.0,,1309308.0,9.0,1319.0,2.0,496038.0,3637.0,10451067.0,3926451.0,2661708.0,Europe,,22750.0,3.0
Bulgaria,1307251.0,,38379.0,,1266932.0,,1940.0,34.0,190990.0,5607.0,11229672.0,1640662.0,6844597.0,Europe,,51781.0,
Morocco,1274180.0,,16297.0,,1256151.0,,1732.0,3.0,33733.0,431.0,13001033.0,344191.0,37772756.0,Africa,,3023183.0,
Croatia,1273671.0,,18246.0,,1255129.0,,296.0,6.0,313767.0,4495.0,5599458.0,1379419.0,4059286.0,Europe,,32221.0,
Guatemala,1252138.0,,20200.0,,1229793.0,,2145.0,5.0,67377.0,1087.0,7325793.0,394198.0,18584039.0,North America,,159203.0,
Lebanon,1237556.0,,10914.0,,1087587.0,,139055.0,74.0,185128.0,1633.0,4795578.0,717380.0,6684849.0,Asia,,56131.0,
Costa Rica,1230552.0,,9366.0,,860711.0,,360475.0,52.0,237450.0,1807.0,4659757.0,899158.0,5182354.0,North America,,45531.0,
Bolivia,1198858.0,,22384.0,,1168071.0,,8403.0,220.0,99966.0,1866.0,2710261.0,225993.0,11992656.0,South America,,105364.0,
Tunisia,1153261.0,,29415.0,,,,,44.0,95733.0,2442.0,5012458.0,416087.0,12046656.0,Africa,,104102.0,
Cuba,1114127.0,37.0,8530.0,,1105390.0,38.0,207.0,2.0,98546.0,754.0,14345279.0,1268859.0,11305652.0,North America,,1013251.0,3.0
UAE,1067030.0,,2349.0,,1054525.0,,10156.0,,105837.0,233.0,200732262.0,19910389.0,10081785.0,Asia,,942920.0,
Ecuador,1061766.0,,36019.0,,1025081.0,,666.0,759.0,58618.0,1989.0,3082403.0,170173.0,18113361.0,South America,,175036.0,
Uruguay,1038774.0,,7634.0,,1030944.0,,196.0,18.0,297131.0,2184.0,6114822.0,1749083.0,3496016.0,South America,,34581.0,
Panama,1038642.0,,8623.0,,1029434.0,,585.0,16.0,233562.0,1939.0,7680683.0,1727175.0,4446964.0,North America,,45161.0,
Mongolia,1008655.0,,2179.0,,1005859.0,,617.0,192.0,298588.0,645.0,4030048.0,1193000.0,3378078.0,Asia,,315501.0,
Nepal,1003327.0,2.0,12031.0,,991263.0,4.0,33.0,,33195.0,398.0,6044920.0,199994.0,30225582.0,Asia,,3025125.0,0.07
Belarus,994037.0,,7118.0,,985592.0,,1327.0,,105381.0,755.0,13646641.0,1446722.0,9432800.0,Europe,,913251.0,
Latvia,977891.0,,6344.0,,971406.0,,141.0,13.0,528922.0,3431.0,7875835.0,4259886.0,1848837.0,Europe,,22910.0,
Saudi Arabia,841469.0,,9646.0,,827923.0,,3900.0,66.0,23475.0,269.0,45481735.0,1268848.0,35844909.0,Asia,,4337161.0,
Azerbaijan,831812.0,,10273.0,,821451.0,,88.0,,80757.0,997.0,7617895.0,739587.0,10300205.0,Asia,,1210031.0,
Paraguay,810581.0,,19931.0,,,,,7.0,110950.0,2728.0,2657506.0,363751.0,7305843.0,South America,,93673.0,
Bahrain,721710.0,,1563.0,,719938.0,,209.0,2.0,404550.0,876.0,10850539.0,6082199.0,1783983.0,Asia,,211410.0,
Sri Lanka,672439.0,9.0,16870.0,,655514.0,9.0,55.0,,31166.0,782.0,6486117.0,300619.0,21575842.0,Asia,,3212793.0,0.4
Kuwait,665909.0,,2570.0,,660237.0,,3102.0,,152023.0,587.0,8455743.0,1930391.0,4380326.0,Asia,,717041.0,
Dominican Republic,661176.0,,4384.0,,644785.0,,12007.0,4.0,59800.0,397.0,3740928.0,338350.0,11056370.0,North America,,1725223.0,
Myanmar,638668.0,104.0,19494.0,,617621.0,74.0,1553.0,,11564.0,353.0,10623954.0,192368.0,55227143.0,Asia,,8628335.0,2.0
Palestine,621008.0,,5404.0,,615445.0,,159.0,17.0,116173.0,1011.0,3078533.0,575907.0,5345541.0,Asia,,99892.0,
Moldova,620519.0,,12118.0,,504142.0,,104259.0,49.0,154621.0,3020.0,3216305.0,801437.0,4013171.0,Europe,,63311.0,
Estonia,618782.0,,3001.0,,524990.0,,90791.0,2.0,468097.0,2270.0,3714801.0,2810177.0,1321910.0,Europe,,24400.0,
Venezuela,552695.0,,5856.0,,546537.0,,302.0,31.0,18885.0,200.0,3359014.0,114771.0,29266991.0,South America,,5349989.0,
Egypt,516023.0,,24613.0,,442182.0,,49228.0,122.0,4861.0,232.0,3693367.0,34792.0,106156692.0,Africa,,206431329.0,
Qatar,512936.0,,690.0,,511587.0,,659.0,33.0,172131.0,232.0,4065369.0,1364257.0,2979915.0,Asia,,643191.0,
Libya,507262.0,,6437.0,,500818.0,,7.0,,72047.0,914.0,2483848.0,352782.0,7040745.0,Africa,,1410943.0,
Ethiopia,500890.0,,7574.0,,488120.0,,5196.0,1.0,4146.0,63.0,5552276.0,45958.0,120812698.0,Africa,,2411595122.0,
Réunion,486588.0,,921.0,,418572.0,,67095.0,10.0,535854.0,1014.0,1603660.0,1766027.0,908061.0,Africa,,29861.0,
Honduras,472619.0,,11116.0,,,,,105.0,46239.0,1088.0,1660662.0,162472.0,10221247.0,North America,,229206.0,
Armenia,449169.0,,8750.0,,435162.0,,5257.0,,151135.0,2944.0,3242901.0,1091164.0,2971966.0,Asia,,73401.0,
Bosnia and Herzegovina,402940.0,,16346.0,,379084.0,,7510.0,,124008.0,5031.0,1884721.0,580036.0,3249317.0,Europe,,81992.0,
Oman,399449.0,,4628.0,,384669.0,,10152.0,2.0,75028.0,869.0,25000000.0,4695724.0,5323993.0,Asia,,1311500.0,
North Macedonia,348281.0,,9677.0,,337068.0,,1536.0,,167338.0,4649.0,2226216.0,1069626.0,2081304.0,Europe,,62151.0,
Zambia,343995.0,,4058.0,,339858.0,,79.0,,17668.0,208.0,4047915.0,207903.0,19470234.0,Africa,,5747985.0,
Kenya,343074.0,,5688.0,,337309.0,,77.0,1.0,6103.0,101.0,3967062.0,70569.0,56215221.0,Africa,,164988314.0,
Albania,334726.0,,3602.0,,329428.0,,1696.0,,116777.0,1257.0,1941032.0,677173.0,2866374.0,Europe,,97961.0,
Botswana,329862.0,,2801.0,,327049.0,,12.0,1.0,135125.0,1147.0,2026898.0,830300.0,2441162.0,Africa,,78721.0,
Luxembourg,319959.0,,1232.0,,316690.0,,2037.0,,498091.0,1918.0,4587145.0,7140959.0,642371.0,Europe,,25210.0,
Brunei ,303719.0,,225.0,,243601.0,,59893.0,3.0,681854.0,505.0,717784.0,1611437.0,445431.0,Asia,,119801.0,
Montenegro,291853.0,,2827.0,,288546.0,,480.0,6.0,464771.0,4502.0,2754754.0,4386900.0,627950.0,Europe,,22220.0,
Algeria,271835.0,,6881.0,,183046.0,1.0,81908.0,,5994.0,152.0,230960.0,5093.0,45350148.0,Africa,,1676591196.0,
Nigeria,266675.0,,3155.0,,259953.0,,3567.0,11.0,1230.0,15.0,5708974.0,26339.0,216746934.0,Africa,,8136870038.0,
Zimbabwe,264848.0,,5690.0,,258888.0,,270.0,12.0,17275.0,371.0,2525756.0,164744.0,15331428.0,Africa,,5826946.0,
Uzbekistan,253662.0,,1637.0,,241486.0,,10539.0,23.0,7378.0,48.0,1377915.0,40077.0,34382084.0,Asia,,1362100325.0,
Mozambique,233417.0,,2243.0,,228805.0,,2369.0,11.0,7054.0,68.0,1371127.0,41437.0,33089461.0,Africa,,1421475224.0,
Martinique,229975.0,,1102.0,,,,,12.0,614763.0,2946.0,828928.0,2215870.0,374087.0,North America,,23390.0,
Afghanistan,221288.0,127.0,7914.0,,197043.0,33.0,16331.0,45.0,5430.0,194.0,1259607.0,30907.0,40754388.0,Asia,,184515032.0,3.0
Laos,218225.0,,758.0,,,,,,29170.0,101.0,1233207.0,164845.0,7481023.0,Asia,,3498696.0,
Iceland,209191.0,,229.0,,,,,2.0,605661.0,663.0,1996384.0,5780036.0,345393.0,Europe,,215080.0,
Kyrgyzstan,206890.0,,2991.0,,196406.0,,7493.0,131.0,30749.0,445.0,1907195.0,283460.0,6728271.0,Asia,,3322504.0,
Guadeloupe,202836.0,,1017.0,,,,,19.0,507351.0,2544.0,938039.0,2346306.0,399794.0,North America,,23930.0,
El Salvador,201785.0,,4230.0,,179410.0,,18145.0,8.0,30805.0,646.0,2610114.0,398467.0,6550389.0,North America,,3215493.0,
Trinidad and Tobago,191496.0,,4390.0,,187078.0,,28.0,8.0,136143.0,3121.0,913289.0,649295.0,1406585.0,North America,,73202.0,
Maldives,186625.0,,315.0,,163687.0,,22623.0,25.0,344973.0,582.0,2213831.0,4092223.0,540985.0,Asia,,317170.0,
Ghana,171657.0,,1462.0,,170161.0,,34.0,2.0,5299.0,45.0,2536496.0,78298.0,32395450.0,Africa,,1892215813.0,
Namibia,171310.0,,4091.0,,167099.0,,120.0,,65041.0,1553.0,1062663.0,403460.0,2633874.0,Africa,,156442.0,
Uganda,170775.0,,3632.0,,100431.0,,66712.0,3.0,3526.0,75.0,3012408.0,62198.0,48432863.0,Africa,,2841333516.0,
Jamaica,154993.0,,3549.0,,102964.0,,48480.0,,51922.0,1189.0,1183986.0,396633.0,2985094.0,North America,,198413.0,
Cambodia,138767.0,1.0,3056.0,,135683.0,,28.0,,8083.0,178.0,3091420.0,180062.0,17168639.0,Asia,,12456186.0,0.06
Rwanda,133194.0,,1468.0,,131647.0,,79.0,,9793.0,108.0,6021981.0,442778.0,13600464.0,Africa,,10292652.0,
Cameroon,125036.0,,1972.0,,122807.0,,257.0,13.0,4480.0,71.0,1751774.0,62762.0,27911548.0,Africa,,2231415416.0,
Malta,118677.0,,836.0,,117305.0,,536.0,4.0,267271.0,1883.0,2138714.0,4816565.0,444033.0,Europe,,45310.0,
Barbados,107794.0,,593.0,,106971.0,,230.0,,374255.0,2059.0,801451.0,2782594.0,288023.0,North America,,34860.0,
Angola,105384.0,,1934.0,,103419.0,,31.0,,3009.0,55.0,1499795.0,42818.0,35027343.0,Africa,,3321811123.0,
Channel Islands,101717.0,,228.0,,101321.0,,168.0,,576421.0,1292.0,1252808.0,7099551.0,176463.0,Europe,,27740.0,
French Guiana,98041.0,,420.0,,11254.0,,86367.0,6.0,312065.0,1337.0,651257.0,2072951.0,314169.0,South America,,37480.0,
DRC,96652.0,,1467.0,,84489.0,,10696.0,,1015.0,15.0,846704.0,8890.0,95240792.0,Africa,,98564922112.0,
Senegal,88997.0,,1971.0,,87024.0,,2.0,,5041.0,112.0,1146543.0,64946.0,17653671.0,Africa,,198895715.0,
Malawi,88728.0,,2686.0,,85651.0,,391.0,67.0,4397.0,133.0,624784.0,30959.0,20180839.0,Africa,,227751332.0,
Ivory Coast,88330.0,,834.0,,87492.0,,4.0,,3184.0,30.0,1690172.0,60924.0,27742298.0,Africa,,3143326416.0,
Suriname,82513.0,,1405.0,,,,,,138252.0,2354.0,241842.0,405210.0,596831.0,South America,,74252.0,
New Caledonia,79922.0,,314.0,,79605.0,,3.0,9.0,274726.0,1079.0,98964.0,340182.0,290915.0,Australia/Oceania,,49263.0,
French Polynesia,78569.0,,649.0,,,,,7.0,276492.0,2284.0,,,284164.0,Australia/Oceania,,4438.0,
Eswatini,74670.0,,1425.0,,73116.0,,129.0,,63022.0,1203.0,1048704.0,885119.0,1184817.0,Africa,,168311.0,
Guyana,73207.0,,1298.0,,71880.0,,29.0,,92195.0,1635.0,729688.0,918950.0,794045.0,South America,,116121.0,
Belize,70782.0,,688.0,,70085.0,,9.0,6.0,171722.0,1669.0,576016.0,1397453.0,412190.0,North America,,65991.0,
Fiji,68921.0,,883.0,,67029.0,,1009.0,,75782.0,971.0,670903.0,737689.0,909466.0,Australia/Oceania,,1310301.0,
Madagascar,68281.0,,1424.0,,66846.0,,11.0,,2340.0,49.0,530992.0,18198.0,29178077.0,Africa,,4272049055.0,
Sudan,63993.0,,5046.0,,58683.0,,264.0,,1391.0,110.0,562941.0,12240.0,45992020.0,Africa,,719911582.0,
Cabo Verde,63908.0,,414.0,,63357.0,,137.0,23.0,112578.0,729.0,401622.0,707482.0,567678.0,Africa,,913711.0,
Mauritania,63715.0,,997.0,,62471.0,,247.0,,12998.0,203.0,1009957.0,206030.0,4901981.0,Africa,,7749175.0,
Bhutan,62670.0,,21.0,,61564.0,,1085.0,,79536.0,27.0,2303734.0,2923739.0,787941.0,Asia,,13375210.0,
Syria,57608.0,,3164.0,,54370.0,,74.0,,2975.0,163.0,146269.0,7553.0,19364809.0,Asia,,3366120132.0,
Burundi,53751.0,,38.0,,53569.0,,144.0,,4258.0,3.0,345742.0,27386.0,12624840.0,Africa,,23533223337.0,
Seychelles,50937.0,,172.0,,50750.0,,15.0,,512311.0,1730.0,,,99426.0,Africa,,2578.0,
Gabon,48992.0,,307.0,,48674.0,,11.0,,21013.0,132.0,1621909.0,695641.0,2331533.0,Africa,,4875951.0,
Andorra,48015.0,,165.0,,47563.0,,287.0,14.0,619844.0,2130.0,249838.0,3225256.0,77463.0,Europe,,24690.0,
Papua New Guinea,46864.0,,670.0,,43982.0,,2212.0,7.0,5043.0,72.0,249149.0,26813.0,9292169.0,Australia/Oceania,,1981386937.0,
Curaçao,45986.0,,295.0,,44720.0,,971.0,3.0,277812.0,1782.0,496693.0,3000640.0,165529.0,North America,,45610.0,
Aruba,44180.0,,236.0,,42438.0,,1506.0,2.0,410560.0,2193.0,177885.0,1653068.0,107609.0,North America,,24561.0,
Tanzania,43078.0,,846.0,,,,,7.0,681.0,13.0,,,63298550.0,Africa,,146974821.0,
Mauritius,42518.0,,1049.0,,40740.0,,729.0,,33355.0,823.0,358675.0,281374.0,1274727.0,Africa,,3012154.0,
Mayotte,42027.0,,188.0,,,,,,146815.0,657.0,176919.0,618038.0,286259.0,Africa,,715232.0,
Togo,39497.0,,290.0,,39203.0,,4.0,,4550.0,33.0,811613.0,93495.0,8680837.0,Africa,,2202993411.0,
Guinea,38563.0,,468.0,,37757.0,,338.0,8.0,2781.0,34.0,660107.0,47607.0,13865691.0,Africa,,3602962821.0,
Bahamas,38084.0,,844.0,,36366.0,,874.0,1.0,95087.0,2107.0,257839.0,643767.0,400516.0,North America,,114752.0,
Isle of Man,38008.0,,116.0,,,,,,443335.0,1353.0,150753.0,1758422.0,85732.0,Europe,,27391.0,
Lesotho,34790.0,,723.0,,25980.0,,8087.0,,15990.0,332.0,431221.0,198199.0,2175699.0,Africa,,6330095.0,
Faeroe Islands,34658.0,,28.0,,,,,5.0,703959.0,569.0,778000.0,15802409.0,49233.0,Europe,,117580.0,
Haiti,34246.0,,860.0,,33361.0,,25.0,,2932.0,74.0,132422.0,11337.0,11680283.0,North America,,3411358288.0,
Mali,33148.0,,743.0,,32331.0,,74.0,,1544.0,35.0,804377.0,37459.0,21473764.0,Africa,,6482890127.0,
Cayman Islands,31472.0,,37.0,,8553.0,,22882.0,1.0,467797.0,550.0,222773.0,3311280.0,67277.0,North America,,218180.0,
Saint Lucia,30052.0,,409.0,,29095.0,,548.0,,162344.0,2209.0,210983.0,1139752.0,185113.0,North America,,64531.0,
Benin,28014.0,,163.0,,27847.0,,4.0,,2191.0,13.0,604310.0,47268.0,12784726.0,Africa,,4567843421.0,
Somalia,27334.0,,1361.0,,13182.0,,12791.0,,1623.0,81.0,400466.0,23778.0,16841795.0,Africa,,6161237542.0,
Micronesia,26458.0,,65.0,,,,,1.0,225196.0,553.0,82178.0,699453.0,117489.0,Australia/Oceania,,418081.0,
Congo,25375.0,,386.0,,24006.0,,983.0,,4377.0,67.0,347815.0,59991.0,5797805.0,Africa,,2281502017.0,
Solomon Islands,24575.0,,153.0,,,,,1.0,34077.0,212.0,,,721159.0,Australia/Oceania,,294713.0,
San Marino,24263.0,,125.0,,24117.0,,21.0,4.0,711838.0,3667.0,196855.0,5775414.0,34085.0,Europe,,12730.0,
Timor-Leste,23444.0,,138.0,,23102.0,,204.0,,17120.0,101.0,278529.0,203391.0,1369429.0,Asia,,5899235.0,
Burkina Faso,22056.0,,396.0,,21596.0,,64.0,,998.0,18.0,248995.0,11265.0,22102838.0,Africa,,10025581589.0,
Liechtenstein,21446.0,,94.0,,21350.0,,2.0,,558679.0,2449.0,112457.0,2929559.0,38387.0,Europe,,24080.0,
Gibraltar,20550.0,,113.0,,16579.0,,3858.0,,609720.0,3353.0,534283.0,15852213.0,33704.0,Europe,,22980.0,
Grenada,19693.0,,238.0,,19358.0,,97.0,4.0,173545.0,2097.0,182981.0,1612523.0,113475.0,North America,,64771.0,
Bermuda,18860.0,,165.0,,18685.0,,10.0,,304493.0,2664.0,1029558.0,16622128.0,61939.0,North America,,33750.0,
Nicaragua,18491.0,,225.0,,4225.0,,14041.0,,2728.0,33.0,,,6779100.0,North America,,36730129.0,
South Sudan,18368.0,,138.0,,18115.0,,115.0,1.0,1581.0,12.0,410280.0,35313.0,11618511.0,Africa,,6338419228.0,
Tajikistan,17786.0,,125.0,,17264.0,,397.0,,1786.0,13.0,,,9957464.0,Asia,,56079660.0,
Equatorial Guinea,17229.0,,183.0,,16907.0,,139.0,5.0,11512.0,122.0,365697.0,244342.0,1496662.0,Africa,,8781784.0,
Tonga,16817.0,,13.0,,15638.0,,1166.0,,156076.0,121.0,535009.0,4965327.0,107749.0,Australia/Oceania,,682880.0,
Monaco,16789.0,,67.0,,15992.0,,730.0,4.0,422014.0,1684.0,78646.0,1976875.0,39783.0,Europe,,25941.0,
Samoa,16763.0,,31.0,,1605.0,,15127.0,,82887.0,153.0,187397.0,926612.0,202239.0,Australia/Oceania,,1265241.0,
Marshall Islands,16081.0,,17.0,,15954.0,,110.0,,267762.0,283.0,,,60057.0,Australia/Oceania,,43533.0,
Dominica,15760.0,,74.0,,15673.0,,13.0,,217848.0,1023.0,229344.0,3170187.0,72344.0,North America,,59780.0,
Djibouti,15690.0,,189.0,,15427.0,,74.0,,15441.0,186.0,305941.0,301094.0,1016097.0,Africa,,6553763.0,
CAR,15368.0,,113.0,,15200.0,,55.0,2.0,3063.0,23.0,81294.0,16205.0,5016678.0,Africa,,3264439562.0,
Gambia,12626.0,,372.0,,12189.0,,65.0,,4935.0,145.0,155686.0,60851.0,2558482.0,Africa,,203687816.0,
Saint Martin,12303.0,,63.0,,1399.0,,10841.0,7.0,309665.0,1586.0,112382.0,2828643.0,39730.0,North America,,36310.0,
Vanuatu,12016.0,,14.0,,11976.0,,26.0,,37336.0,44.0,24976.0,77606.0,321832.0,Australia/Oceania,,272298813.0,
Greenland,11971.0,,21.0,,2761.0,,9189.0,4.0,210117.0,369.0,164926.0,2894810.0,56973.0,North America,,527130.0,
Yemen,11945.0,,2159.0,,9124.0,,662.0,23.0,383.0,69.0,329592.0,10579.0,31154867.0,Asia,,26081443095.0,
Caribbean Netherlands,11682.0,,38.0,,10476.0,,1168.0,,438398.0,1426.0,30126.0,1130559.0,26647.0,North America,,27011.0,
Sint Maarten,11030.0,,92.0,,10905.0,,33.0,,250876.0,2093.0,62056.0,1411454.0,43966.0,North America,,44781.0,
Niger,9931.0,,312.0,,8890.0,,729.0,1.0,381.0,12.0,254538.0,9759.0,26083660.0,Africa,,262683601102.0,
St. Vincent Grenadines,9631.0,,124.0,,9493.0,,14.0,,86337.0,1112.0,114197.0,1023720.0,111551.0,North America,,129001.0,
Guinea-Bissau,9614.0,,177.0,,8929.0,,508.0,6.0,4659.0,86.0,145231.0,70385.0,2063367.0,Africa,,2151165714.0,
Comoros,9109.0,,161.0,,8939.0,,9.0,,10038.0,177.0,,,907419.0,Africa,,1005636.0,
Antigua and Barbuda,9106.0,,146.0,,8954.0,,6.0,1.0,91509.0,1467.0,18901.0,189943.0,99509.0,North America,,116825.0,
Liberia,8090.0,,295.0,,7783.0,,12.0,2.0,1525.0,56.0,139824.0,26356.0,5305117.0,Africa,,6561798338.0,
Sierra Leone,7762.0,,126.0,,,,,,934.0,15.0,259958.0,31296.0,8306436.0,Africa,,10706592432.0,
Chad,7701.0,,194.0,,4874.0,,2633.0,,442.0,11.0,191341.0,10988.0,17413580.0,Africa,,22618976191.0,
British Virgin Islands,7305.0,,64.0,,,,,,238757.0,2092.0,107339.0,3508269.0,30596.0,North America,,44780.0,
Cook Islands,7120.0,,2.0,,7106.0,,12.0,,405213.0,114.0,19690.0,1120596.0,17571.0,Australia/Oceania,,287861.0,
Saint Kitts and Nevis,6602.0,,48.0,,6552.0,,2.0,,122552.0,891.0,126944.0,2356444.0,53871.0,North America,,811220.0,
Turks and Caicos,6588.0,,38.0,,6529.0,,21.0,4.0,165773.0,956.0,612335.0,15408143.0,39741.0,North America,,610460.0,
Sao Tome and Principe,6586.0,,80.0,,6500.0,,6.0,,28927.0,351.0,29036.0,127530.0,227679.0,Africa,,3528468.0,
Palau,6009.0,,9.0,,5998.0,,2.0,,329567.0,494.0,69729.0,3824330.0,18233.0,Australia/Oceania,,320260.0,
St. Barth,5494.0,,6.0,,,,,,552438.0,603.0,78646.0,7908095.0,9945.0,North America,,216580.0,
Nauru,5393.0,,1.0,,5347.0,,45.0,,494635.0,92.0,20509.0,1881042.0,10903.0,Australia/Oceania,,2109031.0,
Kiribati,5027.0,,24.0,,2703.0,,2300.0,3.0,40731.0,194.0,,,123419.0,Australia/Oceania,,255142.0,
Anguilla,3904.0,,12.0,,3879.0,,13.0,4.0,256336.0,788.0,51382.0,3373736.0,15230.0,North America,,412690.0,
Macao,3620.0,,121.0,,3487.0,,12.0,,5423.0,181.0,7850.0,11760.0,667490.0,Asia,,184551685.0,
Wallis and Futuna,3508.0,,7.0,,438.0,,3063.0,,319432.0,637.0,20508.0,1867419.0,10982.0,Australia/Oceania,,315691.0,
Saint Pierre Miquelon,3452.0,,2.0,,2449.0,,1001.0,1.0,599410.0,347.0,25400.0,4410488.0,5759.0,North America,,228800.0,
Tuvalu,2805.0,,,,,,2805.0,,232471.0,,,,12066.0,Australia/Oceania,,4.0,
Saint Helena,2166.0,,,,2.0,,2164.0,,354211.0,,,,6115.0,Africa,,3.0,
Montserrat,1403.0,,8.0,,1376.0,,19.0,,282578.0,1611.0,17762.0,3577442.0,4965.0,North America,,46210.0,
Niue,811.0,,,,803.0,1.0,8.0,,500000.0,,,,1622.0,Australia/Oceania,,2.0,
Tokelau,5.0,,,,,,5.0,,3628.0,,,,1378.0,Australia/Oceania,,276.0,
